1,Melamie,2008,Female;
2,Bogey,1995,Male;
3,Luciana,1996,Female;
4,Greta,2003,Female;
5,Jackson,2004,Male;
6,Joann,1989,Female;
7,Jelene,2006,Female;
8,Gunner,1993,Male;
9,Ferdie,2006,Male;
10,Caroline,1985,Female;
11,Granville,1992,Male;
12,Armin,2008,Male;
13,Purcell,2000,Male;
14,Marcelle,1993,Female;
15,Allis,2003,Female;
16,Waldon,2007,Male;
17,Barri,1997,Male;
18,Killy,1997,Male;
19,Piggy,2003,Male;
20,Cheri,2007,Female;
21,Felecia,2009,Female;
22,Star,1997,Female;
23,Kele,1993,Male;
24,Aimee,2000,Female;
25,Daria,2005,Female;
26,Ashli,2009,Female;
27,Roscoe,2008,Male;
28,Margarette,2001,Female;
29,Arlette,1997,Female;
30,Josi,2000,Female;
31,Avictor,2011,Male;
32,Bertha,2000,Female;
33,Ambrosio,2001,Male;
34,Bill,1983,Female;
35,Amble,2004,Male;
36,Raphaela,2000,Female;
37,Dare,2009,Male;
38,Giulia,2002,Female;
39,Petunia,1998,Female;
40,Lucky,2000,Female;
41,Hildagard,2008,Female;
42,Odelia,1997,Female;
43,Emerson,2005,Male;
44,Kin,1997,Male;
45,Yalonda,1986,Female;
46,Shelden,2006,Male;
47,Marietta,2012,Male;
48,Yul,1992,Male;
49,Herby,2008,Male;
50,Elene,1995,Female;
51,Herschel,1996,Male;
52,Marlyn,2005,Female;
53,Riley,2008,Male;
54,Sharona,2001,Female;
55,Maryjane,2009,Female;
56,Libbie,1994,Female;
57,Syd,2007,Male;
58,Kristoffer,2002,Male;
59,Katerina,2009,Female;
60,Merla,2001,Female;
61,Martica,1993,Female;
62,Agata,2005,Female;
63,Ilene,2003,Female;
64,Wrennie,1989,Female;
65,Averil,2002,Male;
66,Harv,2011,Male;
67,Nickola,2010,Male;
68,Kylen,1985,Female;
69,Jesse,1994,Female;
70,Von,2008,Male;
71,Staford,2001,Male;
72,Mauricio,1990,Male;
73,Igor,2007,Male;
74,Erika,2011,Female;
75,Coletta,2010,Female;
76,Waite,2008,Male;
77,Chuck,2002,Male;
78,Sherwin,1988,Male;
79,Redford,2002,Male;
80,Jacob,1997,Male;
81,L;urette,2006,Female
82,Ortensia,2002,Female;
83,Wildon,1998,Male;
84,Callean,2004,Male;
85,Quentin,2007,Male;
86,Ingeberg,2003,Female;
87,Myrlene,1993,Female;
88,Reinaldo,2001,Male;
89,Bogart,2006,Male;
90,Jojo,2000,Female;
91,Sam,2010,Female;
92,Genovera,2004,Female;
93,Dunstan,1996,Male;
94,Payton,2005,Male;
95,Hallsy,2004,Male;
96,Jaquith,2002,Female;
97,Cordelia,2008,Female;
98,Marnia,1991,Female;
99,Arleyne,1995,Female;
100,Sal,2009,Male;
101,Alasteir,1997,Male;
102,Ave,2000,Male;
103,Rustie,1995,Male;
104,Sybila,2008,Female;
105,Cariotta,2005,Female;
106,Parry,1998,Male;
107,Chrissy,1993,Male;
108,Florance,2007,Female;
109,Wait,1988,Male;
110,Abbye,2005,Female;
111,Tynan,2001,Male;
112,Van,2002,Male;
113,Thoma,2009,Male;
114,Adelle,1987,Female;
115,Lenard,2006,Male;
116,Donnie,1999,Male;
117,Silas,2007,Male;
118,Daryle,2002,Male;
119,Chick,1999,Male;
120,Dayle,2010,Female;
121,Lannie,2008,Male;
122,Royall,1985,Male;
123,Zeke,1994,Male;
124,Bat,2001,Male;
125,Nerta,2006,Female;
126,Sasha,1992,Female;
127,Mari,2009,Female;
128,Bessy,2004,Female;
129,Blythe,1994,Female;
130,Doreen,1983,Female;
131,Emalia,1992,Female;
132,Pebrook,1986,Male;
133,Willetta,1993,Female;
134,Heinrik,2002,Male;
135,Flint,1998,Male;
136,Cinderella,1997,Female;
137,Luce,2005,Male;
138,Kathe,1992,Female;
139,Cariotta,2005,Female;
140,Gregorio,2007,Male;
141,Jordon,1990,Male;
142,Violetta,1985,Female;
143,Marten,1995,Male;
144,Bartholomew,2004,Male;
145,Katrinka,2005,Female;
146,Eloisa,2004,Female;
147,Wright,1999,Male;
148,Marjorie,2001,Female;
149,Karalee,2011,Female;
150,Lida,1995,Female;
151,Peyton,2003,Male;
152,Jakob,1993,Male;
153,Sherry,1992,Female;
154,Hetti,2011,Female;
155,Anthony,2003,Male;
156,Odetta,2012,Female;
157,Di,2005,Female;
158,Charmion,2008,Female;
159,Timmy,1997,Female;
160,Natalee,1997,Female;
161,Care,1984,Male;
162,Phyllida,2004,Female;
163,Tuck,1986,Male;
164,Benjie,2005,Male;
165,Rosy,2008,Female;
166,Claudie,2002,Female;
167,Reagan,1993,Male;
168,Casey,2000,Male;
169,Cheri,2009,Female;
170,Carter,2011,Male;
171,Reynolds,2003,Male;
172,Gratiana,2005,Female;
173,Bryant,1991,Male;
174,Gustaf,1990,Male;
175,Frederico,1985,Male;
176,Shellie,2000,Female;
177,Clive,2010,Male;
178,Nikolas,2011,Male;
179,Keven,2012,Male;
180,Ronni,1996,Female;
181,Elisha,2005,Female;
182,Merilee,1998,Female;
183,Dietrich,1992,Male;
184,Alaine,1992,Female;
185,Josselyn,1994,Female;
186,George,2010,Female;
187,Shanan,1993,Male;
188,Barris,2007,Male;
189,Hiram,2010,Male;
190,Lorain,2003,Female;
191,Dieter,2011,Male;
192,Roana,2006,Female;
193,Katee,2009,Female;
194,Gracia,1992,Female;
195,Kippie,2007,Female;
196,Sindee,2008,Female;
197,Pet,1993,Female;
198,Horatius,2001,Male;
199,Sam,1992,Female;
200,Philly,1993,Female;
201,Godard,1987,Male;
202,Kamillah,1995,Female;
203,Jim,1989,Male;
204,Bowie,1992,Male;
205,Malchy,1995,Male;
206,Kayne,1988,Male;
207,Virginie,1991,Female;
208,Auria,2004,Female;
209,Flynn,2013,Male;
210,Marilee,2002,Female;
211,Maryrose,2002,Female;
212,Pate,1993,Male;
213,Hartley,2006,Male;
214,Mayor,2003,Male;
215,Farah,1993,Female;
216,Nobie,2002,Male;
217,Kinna,2003,Female;
218,Simonne,1985,Female;
219,Hadley,1985,Male;
220,Quinn,2003,Female;
221,Lyon,2001,Male;
222,Ediva,1999,Female;
223,Mabelle,1987,Female;
224,Lanni,1993,Female;
225,Sinclair,1993,Male;
226,Gabbi,2002,Female;
227,Dun,2012,Male;
228,Vance,2002,Male;
229,Vita,1993,Female;
230,Dalila,1998,Female;
231,Roman,2003,Male;
232,Dorine,1992,Female;
233,Rafe,1993,Male;
234,Virgilio,1995,Male;
235,Kort,1989,Male;
236,Constantina,2006,Female;
237,Ignatius,1990,Male;
238,Justen,2010,Male;
239,Adorne,2006,Female;
240,Claire,2012,Male;
241,Blinnie,2002,Female;
242,Kile,2012,Male;
243,Patrice,2006,Female;
244,Oliviero,2007,Male;
245,Anders,1997,Male;
246,Vanya,2011,Female;
247,Ches,2007,Male;
248,Jarib,1996,Male;
249,Lou,2008,Female;
250,Johann,2008,Male;
251,Benji,1999,Male;
252,Micah,1997,Male;
253,Barthel,1992,Male;
254,Franklin,2013,Male;
255,Serena,1999,Female;
256,Royall,2001,Male;
257,Phelia,1994,Female;
258,Barri,2012,Male;
259,Germana,1997,Female;
260,Bevon,2000,Male;
261,Foss,2006,Male;
262,Veda,1988,Female;
263,Gabie,1996,Female;
264,Giorgi,1991,Male;
265,Kelsey,2007,Male;
266,Mariann,2007,Female;
267,Kelley,1998,Male;
268,Durand,1997,Male;
269,Abran,2010,Male;
270,Agnola,2004,Female;
271,Sid,2001,Male;
272,Ichabod,2006,Male;
273,Daren,2011,Male;
274,Caddric,2003,Male;
275,Bud,2000,Male;
276,Laureen,2012,Female;
277,Artie,2013,Male;
278,Sonnie,1996,Male;
279,Heinrick,1999,Male;
280,Eryn,2003,Female;
281,Cairistiona,1994,Female;
282,Margarete,2003,Female;
283,Emmet,2002,Male;
284,Domenic,1998,Male;
285,Lorine,1993,Female;
286,Araldo,2010,Male;
287,Lurleen,2008,Female;
288,Fancy,2004,Female;
289,Violet,1999,Female;
290,Judie,2002,Female;
291,Becki,2007,Female;
292,Raimondo,2006,Male;
293,Kevin,2013,Male;
294,Deeann,1993,Female;
295,Garreth,2011,Male;
296,Lester,2002,Male;
297,Noelyn,1993,Female;
298,Andie,2005,Female;
299,Susann,2001,Female;
300,Milty,1998,Male;
301,Raimundo,1993,Male;
302,Reena,2003,Female;
303,Tracie,1995,Male;
304,Melessa,1994,Female;
305,Maurits,1999,Male;
306,Alphonse,2007,Male;
307,Arlyn,1990,Female;
308,Trudey,2010,Female;
309,Hunfredo,1988,Male;
310,Gard,2002,Male;
311,Tracey,2006,Female;
312,Davey,2011,Male;
313,Thain,1995,Male;
314,Rick,1990,Male;
315,Gregor,2009,Male;
316,Caria,1988,Female;
317,Jorry,1987,Female;
318,Harmonie,1996,Female;
319,Agneta,1989,Female;
320,Alden,2003,Male;
321,Claribel,2005,Female;
322,Cleavland,1993,Male;
323,Reg,1988,Male;
324,Kalinda,2006,Female;
325,Sully,2006,Male;
326,Gerianne,2004,Female;
327,Leon,1994,Male;
328,Andy,1993,Male;
329,Sophi,2004,Female;
330,Emmet,2002,Male;
331,Agnes,2003,Female;
332,Em,1992,Male;
333,Kandy,1998,Female;
334,Rheba,2003,Female;
335,Barri,1984,Male;
336,Lonna,2012,Female;
337,Priscella,1996,Female;
338,Genevieve,2011,Female;
339,Lorrie,2000,Male;
340,Joann,2003,Female;
341,Alisa,1992,Female;
342,Edsel,2003,Male;
343,Emlynn,1992,Female;
344,Marj,1999,Female;
345,Caty,2013,Female;
346,Slade,1984,Male;
347,Stephan,2012,Male;
348,Dodie,2002,Female;
349,Karmen,2004,Female;
350,Amandy,2007,Female;
351,Drake,1993,Male;
352,Raimundo,2012,Male;
353,Langston,2011,Male;
354,Theodosia,2009,Female;
355,Alaric,1997,Male;
356,Jillian,2009,Female;
357,Dudley,2011,Male;
358,Denni,1985,Female;
359,Nickolas,2001,Male;
360,Allx,1994,Female;
361,Schuyler,2006,Male;
362,Bard,1997,Male;
363,Shel,2011,Female;
364,Micheal,1995,Male;
365,Corliss,2008,Female;
366,Myrvyn,1985,Male;
367,Sheffield,2000,Male;
368,Dion,1992,Male;
369,Anjela,2004,Female;
370,Adi,2007,Female;
371,Winn,1999,Male;
372,Nicolette,2011,Female;
373,Bertine,2008,Female;
374,Riccardo,2008,Male;
375,Will,2002,Male;
376,Zak,2000,Male;
377,Daron,2002,Female;
378,Randa,1994,Female;
379,Luce,2007,Male;
380,Devlen,2010,Male;
381,Ree,2012,Female;
382,Sherman,2001,Male;
383,Cati,1998,Female;
384,Asher,2011,Male;
385,Erika,2012,Female;
386,Coriss,2006,Female;
387,Eward,1995,Male;
388,Margarethe,1988,Female;
389,Danika,2008,Female;
390,Stacey,1984,Female;
391,Marylinda,1996,Female;
392,Pia,2006,Female;
393,Karoline,2009,Female;
394,Lory,1997,Female;
395,Noelani,2009,Female;
396,Erna,2010,Female;
397,Isis,1992,Female;
398,Lindsay,2000,Male;
399,Francene,2002,Female;
400,Jordan,1991,Female;
401,Glendon,2008,Male;
402,Clemmie,2006,Female;
403,Corabel,2009,Female;
404,Brinn,2010,Female;
405,Uta,2009,Female;
406,Tallulah,2009,Female;
407,Myrlene,2000,Female;
408,Dorothea,2007,Female;
409,Antonin,2010,Male;
410,Carlie,2001,Female;
411,Bent,1995,Male;
412,Winny,2010,Male;
413,Hillery,1992,Male;
414,Krishnah,2012,Male;
415,Erskine,1997,Male;
416,Percival,1991,Male;
417,Darb,2011,Female;
418,Sheilah,2006,Female;
419,Von,2002,Male;
420,Cordell,1992,Male;
421,Oswell,2012,Male;
422,Devan,1994,Female;
423,Madelaine,1991,Female;
424,Faulkner,2006,Male;
425,Raphael,1984,Male;
426,Rriocard,2002,Male;
427,Nev,2007,Male;
428,Lin,1998,Female;
429,Waring,2007,Male;
430,Florry,2006,Female;
431,Sigismund,1988,Male;
432,Cassandre,2000,Female;
433,Anastassia,2002,Female;
434,Arel,2011,Male;
435,Cyril,2000,Male;
436,Tobiah,2008,Male;
437,Harris,2011,Male;
438,Yvonne,1997,Female;
439,Ilaire,1998,Male;
440,Quintin,1991,Male;
441,Kaitlin,2006,Female;
442,Anet,2000,Female;
443,Nikolia,1992,Female;
444,Ardath,2011,Female;
445,Jackson,2000,Male;
446,Roddy,2005,Male;
447,Lynelle,1992,Female;
448,Carilyn,1992,Female;
449,Blondelle,2002,Female;
450,Washington,2010,Male;
451,Hashim,2000,Male;
452,Cassey,2005,Female;
453,Cherice,2005,Female;
454,Alfredo,2000,Male;
455,Leyla,1998,Female;
456,Rudolf,1995,Male;
457,Roddie,2002,Male;
458,Phip,2007,Male;
459,Kerianne,2003,Female;
460,Wakefield,1993,Male;
461,Hymie,2006,Male;
462,Ben,2008,Male;
463,Elysia,2008,Female;
464,Guglielmo,2002,Male;
465,Orville,2003,Male;
466,Olenolin,1995,Male;
467,Ludvig,2001,Male;
468,Ikey,2003,Male;
469,Halsy,2010,Male;
470,Heda,1999,Female;
471,Rozamond,2006,Female;
472,Stan,2010,Male;
473,Dimitry,2003,Male;
474,Abbye,2013,Female;
475,Bertram,2000,Male;
476,Wallace,1991,Male;
477,Corena,2008,Female;
478,Yvon,1994,Male;
479,Blaire,2011,Female;
480,Hollie,2009,Female;
481,Monroe,1994,Male;
482,Cull,2011,Male;
483,Lamond,1997,Male;
484,Clint,2012,Male;
485,Pattie,1993,Male;
486,Marshall,2001,Male;
487,Arne,1992,Male;
488,Hunter,2001,Male;
489,Christal,2001,Female;
490,Brandais,2000,Female;
491,Monro,2000,Male;
492,Robinson,2005,Male;
493,Anderea,2000,Female;
494,Crysta,2010,Female;
495,Ulises,1999,Male;
496,Elianora,2003,Female;
497,Brena,1970,Female;
498,Ora,2013,Female;
499,Cherry,2010,Female;
500,Daile,1995,Female;
501,Panchito,1993,Male;
502,Kristos,1983,Male;
503,Stanford,2011,Male;
504,Kaylyn,1998,Female;
505,Ira,1948,Male;
506,Edgar,2012,Male;
507,Natalya,2009,Female;
508,Cindee,2011,Female;
509,Eloisa,1995,Female;
510,Suzanna,2001,Female;
511,Dusty,1992,Female;
512,Niki,2009,Female;
513,Sol,1995,Male;
514,Lu,2009,Female;
515,Elisa,2006,Female;
516,Logan,2009,Male;
517,Kerianne,1987,Female;
518,Nonie,1998,Female;
519,Gayle,1993,Male;
520,Terri,2012,Male;
521,Barty,1999,Male;
522,Isobel,1984,Female;
523,Earle,2005,Male;
524,Guy,1986,Male;
525,Peder,1993,Male;
526,Kariotta,2012,Female;
527,Barton,1991,Male;
528,Ronalda,2005,Female;
529,Mair,1998,Female;
530,Kale,2002,Male;
531,Crissy,1996,Female;
532,Tracy,2005,Female;
533,Burlie,2009,Male;
534,Eilis,2008,Female;
535,Hamlin,2003,Male;
536,Camile,1994,Female;
537,Webb,2011,Male;
538,Coralie,1993,Female;
539,Vinita,1992,Female;
540,Anthia,2001,Female;
541,Yule,2006,Male;
542,Corabella,2010,Female;
543,Isobel,2004,Female;
544,Gilburt,2001,Male;
545,Vikki,1991,Female;
546,Leighton,2005,Male;
547,Doralin,1994,Female;
548,Aurlie,2004,Female;
549,Cristionna,1998,Female;
550,Cyrus,2004,Male;
551,Elihu,1995,Male;
552,Katerina,1989,Female;
553,Penny,1990,Female;
554,Abel,1966,Male;
555,Justino,1990,Male;
556,Brynne,2009,Female;
557,Halsy,2007,Male;
558,Bryant,2007,Male;
559,Farrah,2001,Female;
560,Alessandro,1992,Male;
561,Trent,2001,Male;
562,Costa,2010,Male;
563,Adrianne,2005,Female;
564,Betsey,2010,Female;
565,Tallou,2001,Female;
566,Drusi,2002,Female;
567,Onfre,1988,Male;
568,Karrah,2007,Female;
569,Bevan,2001,Male;
570,Laughton,2012,Male;
571,Jerrold,1992,Male;
572,Moises,2002,Male;
573,Tedman,1969,Male;
574,Merill,1998,Male;
575,Baxie,1984,Male;
576,Stillmann,2006,Male;
577,Polly,2008,Female;
578,Rollie,2011,Male;
579,Daphene,2009,Female;
580,Nichol,2002,Female;
581,Cordell,1999,Male;
582,Katya,2005,Female;
583,Heidi,2000,Female;
584,Leola,2011,Female;
585,Chiquita,2012,Female;
586,Austen,1987,Male;
587,Burnard,1992,Male;
588,Rennie,1986,Female;
589,Gisela,1993,Female;
590,Geordie,2001,Male;
591,Cleon,2003,Male;
592,Cecilia,2000,Female;
593,Adrian,1996,Male;
594,Otha,2007,Female;
595,Warren,1990,Male;
596,Neal,1993,Male;
597,Rabbi,1999,Male;
598,Hannah,2011,Female;
599,Virgil,1993,Male;
600,Horatia,2006,Female;
601,Pall,1993,Male;
602,Margarethe,1993,Female;
603,Zondra,2007,Female;
604,Sibel,2012,Female;
605,Daria,1963,Female;
606,Margarethe,1993,Female;
607,Dicky,2011,Male;
608,Shandeigh,1995,Female;
609,Kathrine,2006,Female;
610,Jaclin,1999,Female;
611,Mackenzie,2012,Male;
612,Bernadene,1999,Female;
613,Brook,2004,Male;
614,Angie,1993,Male;
615,Nerissa,1997,Female;
616,Dorise,1992,Female;
617,Inge,1992,Female;
618,Vonni,1985,Female;
619,Stanislaus,1985,Male;
620,Sophie,1987,Female;
621,Kassie,2004,Female;
622,Mia,2006,Female;
623,Gerianna,1990,Female;
624,Junina,2011,Female;
625,Karlene,1993,Female;
626,Barb,1989,Female;
627,Ody,1990,Male;
628,Abner,1995,Male;
629,Davita,2010,Female;
630,Stirling,1992,Male;
631,Tammara,1994,Female;
632,Marmaduke,2011,Male;
633,Terrye,1987,Female;
634,Micky,1991,Male;
635,Emmit,2008,Male;
636,Karlens,1984,Male;
637,Justis,2008,Male;
638,Sharia,2002,Female;
639,Mead,1992,Male;
640,Stacy,1999,Male;
641,Hubie,1987,Male;
642,Melisande,2007,Female;
643,Hirsch,2008,Male;
644,Johanna,1993,Female;
645,Schuyler,1964,Male;
646,Bert,1996,Male;
647,Hurlee,1997,Male;
648,Ileane,2003,Female;
649,Annadiana,2001,Female;
650,Stephannie,1995,Female;
651,Meg,2001,Female;
652,Emmy,2009,Male;
653,Phelia,2007,Female;
654,Alexandre,1988,Male;
655,Glori,2003,Female;
656,Anthiathia,1993,Female;
657,Josie,2005,Female;
658,Percy,1997,Male;
659,Lester,2007,Male;
660,Sayres,2000,Male;
661,Theodoric,1998,Male;
662,Roland,2006,Male;
663,Augy,2010,Male;
664,Sharon,1994,Female;
665,Jamison,2006,Male;
666,Camellia,2008,Female;
667,Kennan,2007,Male;
668,Vanya,1998,Male;
669,Averill,1995,Male;
670,Marielle,2006,Female;
671,Gallard,2002,Male;
672,Noby,2007,Male;
673,Brunhilde,2000,Female;
674,Heda,2012,Female;
675,Gerry,2006,Female;
676,Kent,1990,Male;
677,Timothee,2006,Male;
678,Gerladina,2000,Female;
679,Karim,1995,Male;
680,Sephira,2005,Female;
681,Bev,1995,Female;
682,Rowney,2005,Male;
683,Jacob,1996,Male;
684,Alick,2001,Male;
685,Gwenora,2005,Female;
686,Kennith,2000,Male;
687,Raleigh,2008,Male;
688,Dave,2001,Male;
689,Zedekiah,2011,Male;
690,Ilsa,2005,Female;
691,Ginny,1995,Female;
692,Bendix,2002,Male;
693,Chet,2011,Male;
694,Isidora,2003,Female;
695,Paulie,1999,Female;
696,Leif,1984,Male;
697,Andrej,1988,Male;
698,Ree,1985,Female;
699,Crosby,1988,Male;
700,Bobby,2011,Female;
701,Trixi,2010,Female;
702,Jordanna,1983,Female;
703,Tuckie,1993,Male;
704,Cassandre,2011,Female;
705,Heidie,2000,Female;
706,Liane,1986,Female;
707,Inger,2009,Male;
708,Susanne,1999,Female;
709,Kissie,1985,Female;
710,Bridie,2007,Female;
711,Agatha,1994,Female;
712,Durand,1996,Male;
713,Georgia,2008,Female;
714,Adrian,1985,Male;
715,Jazmin,2000,Female;
716,Inna,2007,Female;
717,Allayne,1991,Male;
718,Guendolen,2006,Female;
719,Desmund,2004,Male;
720,Murielle,2010,Female;
721,Jaquelyn,2010,Female;
722,Marcile,1992,Female;
723,Nelli,1990,Female;
724,Bibby,1986,Female;
725,Anastasia,1999,Female;
726,Elvera,1999,Female;
727,Andrea,1999,Male;
728,Misha,2004,Female;
729,Carla,2004,Female;
730,Valene,2004,Female;
731,Wynne,2007,Female;
732,Lou,2004,Male;
733,Osmond,2007,Male;
734,Robby,1999,Male;
735,Nevile,2001,Male;
736,Alla,2000,Female;
737,Obidiah,1958,Male;
738,Hedvig,1998,Female;
739,Cathlene,2008,Female;
740,Madlin,1994,Female;
741,Donall,2004,Male;
742,Hildagard,2008,Female;
743,Joye,2003,Female;
744,Caldwell,2000,Male;
745,Camala,2005,Female;
746,Haven,2007,Male;
747,Jourdan,2010,Female;
748,Simone,2006,Female;
749,Sly,1992,Male;
750,Lezlie,2002,Female;
751,Germain,1990,Male;
752,Alfonso,2012,Male;
753,Buddy,1992,Male;
754,Napoleon,2010,Male;
755,Sholom,2009,Male;
756,Vivien,1994,Female;
757,Mike,1997,Male;
758,Rubia,1993,Female;
759,Eve,2002,Female;
760,Dita,1998,Female;
761,June,2008,Female;
762,Agnes,2006,Female;
763,Evita,1999,Female;
764,Emmery,2012,Male;
765,Dacey,2012,Female;
766,Trumaine,2006,Male;
767,Chrisy,2004,Male;
768,Page,2005,Female;
769,Renado,2003,Male;
770,Jude,2001,Male;
771,Ian,1993,Male;
772,Phyllis,1999,Female;
773,Douglas,1995,Male;
774,Mirabella,2004,Female;
775,Sylvan,1998,Male;
776,Reinald,2013,Male;
777,Ashbey,1997,Male;
778,Ceil,2005,Female;
779,Quinton,1995,Male;
780,Shanon,2007,Female;
781,Farica,2006,Female;
782,Saul,1996,Male;
783,Alejoa,2010,Male;
784,Doris,1997,Female;
785,Rollin,1991,Male;
786,Lindy,2004,Male;
787,Farley,1999,Male;
788,Mallissa,2004,Female;
789,Haskel,2007,Male;
790,Benedicta,1985,Female;
791,Etta,1976,Female;
792,Daniel,1996,Male;
793,Felizio,2012,Male;
794,Dyanna,1975,Female;
795,Amory,2000,Male;
796,Ximenes,1997,Male;
797,Lauren,2006,Female;
798,Stace,2009,Female;
799,Luciana,2007,Female;
800,Colline,1988,Female;
801,Norah,1999,Female;
802,Ken,1997,Male;
803,Kennie,2013,Male;
804,Archie,1995,Male;
805,Joshuah,1955,Male;
806,Flynn,2000,Male;
807,Reggie,2010,Female;
808,Mirelle,1992,Female;
809,Kennett,1992,Male;
810,Lonee,1994,Female;
811,Stevy,2013,Male;
812,Humberto,2006,Male;
813,Alard,2000,Male;
814,Farlie,1970,Male;
815,Caleb,1994,Male;
816,Libbey,1985,Female;
817,Julienne,2002,Female;
818,Ellsworth,2002,Male;
819,Avis,1998,Female;
820,Bellina,2009,Female;
821,Arielle,2002,Female;
822,Beverley,2008,Female;
823,Odilia,1992,Female;
824,Etheline,2007,Female;
825,Ned,1999,Male;
826,Manolo,1989,Male;
827,Cyrill,1998,Male;
828,Crissie,2002,Female;
829,Barth,1997,Male;
830,Vinnie,1985,Female;
831,Tamas,1999,Male;
832,Dani,2006,Female;
833,Freddy,1992,Male;
834,Fernandina,2000,Female;
835,Nanine,2010,Female;
836,Maribelle,2008,Female;
837,Lauralee,2000,Female;
838,Kirsti,2006,Female;
839,Josias,1981,Male;
840,Catherine,2007,Female;
841,Valle,1999,Male;
842,Ray,1992,Male;
843,Amery,2000,Male;
844,Bryanty,2012,Male;
845,Archibaldo,1991,Male;
846,Carolin,2008,Female;
847,Morty,2007,Male;
848,Brewer,1990,Male;
849,Gael,1988,Male;
850,Bernadette,2007,Female;
851,Eldredge,2011,Male;
852,Morley,1987,Male;
853,Mirella,1965,Female;
854,Phil,1993,Male;
855,Beilul,1993,Female;
856,Jodie,2008,Female;
857,Hilton,2000,Male;
858,Reeta,2006,Female;
859,Emlyn,2011,Female;
860,Delila,2003,Female;
861,Georgie,2001,Male;
862,Obie,1995,Male;
863,Sutton,2005,Male;
864,Ive,2009,Male;
865,Nell,2007,Female;
866,Lynelle,1998,Female;
867,Charlotte,1993,Female;
868,Rodney,2001,Male;
869,Bethanne,2010,Female;
870,Nickolai,1996,Male;
871,Barnett,1996,Male;
872,Berny,2002,Male;
873,Padraic,2009,Male;
874,Melina,1990,Female;
875,Abbe,2003,Female;
876,Annecorinne,2001,Female;
877,Steffen,2010,Male;
878,Hendrick,2007,Male;
879,Marlo,2002,Male;
880,Kyrstin,1993,Female;
881,Reider,1984,Male;
882,Donica,2009,Female;
883,Livy,2008,Female;
884,Winthrop,2002,Male;
885,Lucilia,2010,Female;
886,Gordy,1990,Male;
887,Darryl,1989,Female;
888,Ermina,1999,Female;
889,Celine,1997,Female;
890,Alix,1998,Male;
891,Chico,1994,Male;
892,Nickolaus,2006,Male;
893,Rahal,1975,Female;
894,Amie,1981,Female;
895,Freddie,2007,Female;
896,Marlowe,1995,Male;
897,Wilmar,2007,Male;
898,Roth,1986,Male;
899,Yvor,1999,Male;
900,Yolanda,2009,Female;
901,Willy,2005,Male;
902,Johnnie,2009,Male;
903,Leila,1992,Female;
904,Adoree,2011,Female;
905,Dall,2008,Male;
906,Clive,2009,Male;
907,Kleon,1967,Male;
908,Ajay,2008,Female;
909,Corrianne,2004,Female;
910,Emera,1993,Female;
911,Walsh,1984,Male;
912,Amery,1999,Male;
913,Gunner,2010,Male;
914,Yorker,2006,Male;
915,Lucio,1985,Male;
916,Archibold,1992,Male;
917,Pearl,2003,Female;
918,Ruprecht,1987,Male;
919,Sadie,1999,Female;
920,Dewey,2001,Male;
921,Lincoln,1993,Male;
922,Yanaton,2011,Male;
923,Raeann,1994,Female;
924,Samson,1999,Male;
925,Jethro,1991,Male;
926,Lynea,1999,Female;
927,Buiron,1999,Male;
928,Delinda,1994,Female;
929,Austine,2012,Female;
930,Yves,1993,Male;
931,Yolane,1973,Female;
932,Jody,2006,Male;
933,Blaine,2011,Male;
934,Francis,1993,Male;
935,Tynan,2005,Male;
936,Sarena,2009,Female;
937,Court,1996,Male;
938,Sharyl,2004,Female;
939,Bradney,1989,Male;
940,Sophey,1998,Female;
941,Genovera,2005,Female;
942,Isadora,2011,Female;
943,Vin,2010,Female;
944,Swen,2006,Male;
945,Pooh,1998,Female;
946,Carny,1993,Male;
947,Cacilia,1992,Female;
948,Devlin,1992,Male;
949,Sonny,2009,Female;
950,Maximilianus,2006,Male;
951,Loy,1992,Male;
952,Alfi,2004,Female;
953,Annecorinne,2012,Female;
954,Corabella,2005,Female;
955,Bobette,1995,Female;
956,Breanne,2000,Female;
957,Ode,1984,Male;
958,Hedi,2007,Female;
959,Dukey,2011,Male;
960,Pru,2012,Female;
961,Atalanta,2003,Female;
962,Haskel,1994,Male;
963,Salli,2004,Female;
964,Clary,1988,Female;
965,Jessy,2008,Female;
966,Bank,2009,Male;
967,Imelda,2007,Female;
968,Luciana,2009,Female;
969,Brian,1990,Male;
970,Allen,2002,Male;
971,Rutherford,2009,Male;
972,Kenny,1994,Male;
973,Earle,1992,Male;
974,Tabbie,1994,Female;
975,Klara,2010,Female;
976,Derwin,1995,Male;
977,Bail,1997,Male;
978,Cassy,2001,Female;
979,Almira,2012,Female;
980,Annaliese,2002,Female;
981,Zeke,2006,Male;
982,Melodie,1985,Female;
983,Elfreda,2012,Female;
984,Margarethe,2006,Female;
985,Cyndia,1993,Female;
986,Virgilio,2000,Male;
987,Eugene,1994,Male;
988,Meade,2006,Male;
989,Cyndie,1992,Female;
990,Carine,1993,Female;
991,Tildie,2010,Female;
992,Jackson,1994,Male;
993,Ted,1996,Female;
994,Biron,2007,Male;
995,Anne-corinne,1989,Female;
996,Kelcey,2009,Female;
997,Michael,2008,Male;
998,Chane,2005,Male;
999,Cyrille,2008,Male;
1000,Lark,2010,Female;
